***** DESCRIPTION ***********;
[enter the description here];

***** INSTRUMENT INFO *******;
IDENTIFICATION;
PHIboard number   : v1230910;
PM number         : 20112620;
Serial number     : S DLA 0002 000078   ;
MUX channel       : OFF - 00;
;
PARAMETERS;
Signal LED current: 050;
Ref LED current   : 075;
Ref LED amplitude : 87556;
Frequency         : 006;
Sending interval  : 0001;
Averaging         : 2;
Internal temp     : 29.0 C;
;
SYSTEM SETTINGS;
APL function      : ON;
Temp compensation : ON - ch a;
Analog out        : chA t chB t;
RS232 echo        : ON;
Oxygen unit       : %a.s.;
;
CALIBRATION;
Sensor type       : 2;
0%a.s.phase 1     : 59.64 at 017.1∞C amp 089100;
100.00%a.s.phase 2: 28.61 at 020.5∞C amp 040000;
Date   (ddmmyy)   : 270619;
Pressure (mBar)   : 1015;
;
FIRMWARE;
"Code 3.016 (IAP)  : 08/20/04, 09:50:56;"
Xilinx built      : 01/05/04 (MM/DD/YY);
Reset condition   : SLEEP;
 ;
 ;
 ;
 ;
 ;
 ;
 ;
 ;

***** SOFTWARE INFO *********;
OxyView - PST3-V6.02 10/2007;
© by PreSens GmbH;
27/06/19;
8:26:40 PM;

******MEASURE MODE SETTINGS**;
Dynamic Averaging;   1;
measure mode;  5 sec ;

start time; 8:26:40 PM; 
date(DD/MM/YY); time/hh:mm:ss; logtime/min; oxygen/% airsatur.; phase/∞; amp; temp/∞C; ErrorMessage;
27/06/19;   20:26:40;       0.000;  93.382;   29.87;   42554;   18.10; E0;
27/06/19;   20:26:46;       0.102;  92.881;   29.93;   42545;   18.10; E0;
27/06/19;   20:26:51;       0.186;  92.798;   29.94;   42579;   18.10; E0;
27/06/19;   20:26:56;       0.271;  93.048;   29.91;   42615;   18.10; E0;
27/06/19;   20:27:02;       0.355;  92.549;   29.97;   42683;   18.10; E0;
27/06/19;   20:27:07;       0.440;  92.300;   30.00;   42714;   18.10; E0;
27/06/19;   20:27:12;       0.524;  91.970;   30.04;   42748;   18.10; E0;
27/06/19;   20:27:17;       0.609;  92.300;   30.00;   42777;   18.10; E0;
27/06/19;   20:27:21;       0.676;  92.218;   30.01;   42744;   18.10; E0;
27/06/19;   20:27:26;       0.761;  91.888;   30.05;   42760;   18.10; E0;
27/06/19;   20:27:31;       0.845;  92.135;   30.02;   42769;   18.10; E0;
27/06/19;   20:27:36;       0.930;  91.724;   30.07;   42762;   18.10; E0;
27/06/19;   20:27:41;       1.014;  91.724;   30.07;   42805;   18.10; E0;
27/06/19;   20:27:46;       1.099;  91.724;   30.07;   42819;   18.10; E0;
27/06/19;   20:27:51;       1.183;  92.053;   30.03;   42792;   18.10; E0;
27/06/19;   20:27:56;       1.268;  91.806;   30.06;   42755;   18.10; E0;
27/06/19;   20:28:01;       1.352;  91.970;   30.04;   42739;   18.10; E0;
27/06/19;   20:28:06;       1.437;  91.970;   30.04;   42705;   18.10; E0;
27/06/19;   20:28:11;       1.521;  92.135;   30.02;   42692;   18.10; E0;
27/06/19;   20:28:17;       1.606;  91.806;   30.06;   42707;   18.10; E0;
27/06/19;   20:28:22;       1.690;  92.383;   29.99;   42630;   18.10; E0;
27/06/19;   20:28:27;       1.775;  92.383;   29.99;   42633;   18.10; E0;
27/06/19;   20:28:32;       1.859;  92.964;   29.92;   42577;   18.10; E0;
27/06/19;   20:28:36;       1.927;  92.549;   29.97;   42579;   18.10; E0;
27/06/19;   20:28:41;       2.011;  92.881;   29.93;   42556;   18.10; E0;
27/06/19;   20:28:46;       2.096;  92.798;   29.94;   42482;   18.10; E0;
27/06/19;   20:28:51;       2.180;  92.714;   29.95;   42510;   18.10; E0;
27/06/19;   20:28:56;       2.265;  92.549;   29.97;   42532;   18.10; E0;
27/06/19;   20:29:01;       2.349;  92.466;   29.98;   42525;   18.10; E0;
27/06/19;   20:29:06;       2.434;  92.798;   29.94;   42545;   18.10; E0;
27/06/19;   20:29:11;       2.518;  92.466;   29.98;   42488;   18.10; E0;
27/06/19;   20:29:16;       2.603;  92.798;   29.94;   42513;   18.10; E0;
27/06/19;   20:29:21;       2.687;  93.048;   29.91;   42503;   18.10; E0;
27/06/19;   20:29:27;       2.772;  92.798;   29.94;   42478;   18.10; E0;
27/06/19;   20:29:32;       2.856;  93.048;   29.91;   42445;   18.10; E0;
27/06/19;   20:29:37;       2.941;  92.798;   29.94;   42460;   18.10; E0;
27/06/19;   20:29:42;       3.025;  92.714;   29.95;   42491;   18.10; E0;
27/06/19;   20:29:46;       3.093;  92.631;   29.96;   42503;   18.10; E0;
27/06/19;   20:29:51;       3.177;  92.881;   29.93;   42488;   18.10; E0;
27/06/19;   20:29:56;       3.262;  92.798;   29.94;   42481;   18.10; E0;
27/06/19;   20:30:01;       3.346;  92.881;   29.93;   42457;   18.10; E0;
27/06/19;   20:30:06;       3.431;  92.714;   29.95;   42470;   18.10; E0;
27/06/19;   20:30:11;       3.515;  92.798;   29.94;   42383;   18.10; E0;
27/06/19;   20:30:16;       3.600;  93.466;   29.86;   42365;   18.10; E0;
27/06/19;   20:30:21;       3.684;  93.718;   29.83;   42295;   18.10; E0;
27/06/19;   20:30:26;       3.769;  93.550;   29.85;   42265;   18.10; E0;
27/06/19;   20:30:31;       3.853;  94.068;   29.81;   42203;   18.00; E0;
27/06/19;   20:30:36;       3.938;  94.153;   29.80;   42202;   18.00; E0;
27/06/19;   20:30:42;       4.022;  93.886;   29.81;   42249;   18.10; E0;
27/06/19;   20:30:47;       4.107;  93.382;   29.87;   42257;   18.10; E0;
27/06/19;   20:30:52;       4.191;  93.550;   29.85;   42298;   18.10; E0;
27/06/19;   20:30:57;       4.276;  93.802;   29.82;   42274;   18.10; E0;
27/06/19;   20:31:01;       4.343;  93.215;   29.89;   42276;   18.10; E0;
27/06/19;   20:31:06;       4.428;  93.298;   29.88;   42261;   18.10; E0;
27/06/19;   20:31:11;       4.512;  93.395;   29.89;   42257;   18.00; E0;
27/06/19;   20:31:16;       4.597;  93.466;   29.86;   42264;   18.10; E0;
27/06/19;   20:31:21;       4.681;  93.382;   29.87;   42275;   18.10; E0;
27/06/19;   20:31:26;       4.766;  93.550;   29.85;   42252;   18.10; E0;
27/06/19;   20:31:31;       4.850;  93.466;   29.86;   42238;   18.10; E0;
27/06/19;   20:31:36;       4.935;  93.984;   29.82;   42197;   18.00; E0;
27/06/19;   20:31:41;       5.019;  93.550;   29.85;   42213;   18.10; E0;
27/06/19;   20:31:46;       5.104;  93.971;   29.80;   42146;   18.10; E0;
27/06/19;   20:31:52;       5.188;  93.802;   29.82;   42178;   18.10; E0;
27/06/19;   20:31:57;       5.273;  93.971;   29.80;   42140;   18.10; E0;
27/06/19;   20:32:02;       5.357;  93.718;   29.83;   42123;   18.10; E0;
27/06/19;   20:32:07;       5.442;  94.224;   29.77;   42105;   18.10; E0;
27/06/19;   20:32:11;       5.510;  94.140;   29.78;   42079;   18.10; E0;
27/06/19;   20:32:16;       5.594;  94.309;   29.76;   42102;   18.10; E0;
27/06/19;   20:32:21;       5.679;  94.492;   29.76;   42091;   18.00; E0;
27/06/19;   20:32:26;       5.763;  94.394;   29.75;   42104;   18.10; E0;
27/06/19;   20:32:31;       5.848;  94.055;   29.79;   42039;   18.10; E0;
27/06/19;   20:32:36;       5.932;  94.394;   29.75;   42017;   18.10; E0;
27/06/19;   20:32:41;       6.016;  94.479;   29.74;   42003;   18.10; E0;
27/06/19;   20:32:46;       6.101;  94.479;   29.74;   42003;   18.10; E0;
27/06/19;   20:32:51;       6.186;  94.394;   29.75;   42017;   18.10; E0;
27/06/19;   20:32:56;       6.270;  94.394;   29.75;   42006;   18.10; E0;
27/06/19;   20:33:01;       6.355;  94.662;   29.74;   41991;   18.00; E0;
27/06/19;   20:33:07;       6.439;  94.224;   29.77;   42025;   18.10; E0;
27/06/19;   20:33:12;       6.524;  93.971;   29.80;   42064;   18.10; E0;
27/06/19;   20:33:17;       6.608;  94.224;   29.77;   42042;   18.10; E0;
27/06/19;   20:33:22;       6.692;  94.407;   29.77;   42027;   18.00; E0;
27/06/19;   20:33:26;       6.760;  94.662;   29.74;   41987;   18.00; E0;
27/06/19;   20:33:31;       6.845;  94.394;   29.75;   41954;   18.10; E0;
27/06/19;   20:33:36;       6.929;  94.564;   29.73;   41890;   18.10; E0;
27/06/19;   20:33:41;       7.014;  94.734;   29.71;   41898;   18.10; E0;
27/06/19;   20:33:46;       7.098;  94.394;   29.75;   41896;   18.10; E0;
27/06/19;   20:33:51;       7.183;  94.734;   29.71;   41899;   18.10; E0;
27/06/19;   20:33:56;       7.267;  94.649;   29.72;   41909;   18.10; E0;
27/06/19;   20:34:01;       7.352;  94.734;   29.71;   41927;   18.10; E0;
27/06/19;   20:34:06;       7.436;  94.649;   29.72;   41947;   18.10; E0;
27/06/19;   20:34:11;       7.521;  94.649;   29.72;   41941;   18.10; E0;
27/06/19;   20:34:17;       7.605;  94.662;   29.74;   41933;   18.00; E0;
27/06/19;   20:34:22;       7.690;  94.662;   29.74;   41930;   18.00; E0;
27/06/19;   20:34:27;       7.774;  95.076;   29.67;   41884;   18.10; E0;
27/06/19;   20:34:32;       7.859;  94.747;   29.73;   41853;   18.00; E0;
27/06/19;   20:34:36;       7.926;  94.990;   29.68;   41851;   18.10; E0;
27/06/19;   20:34:41;       8.011;  95.260;   29.67;   41834;   18.00; E0;
27/06/19;   20:34:46;       8.095;  95.260;   29.67;   41821;   18.00; E0;
27/06/19;   20:34:51;       8.180;  95.088;   29.69;   41801;   18.00; E0;
27/06/19;   20:34:56;       8.264;  94.905;   29.69;   41842;   18.10; E0;
27/06/19;   20:35:01;       8.349;  94.990;   29.68;   41830;   18.10; E0;
27/06/19;   20:35:06;       8.433;  94.905;   29.69;   41792;   18.10; E0;
27/06/19;   20:35:11;       8.518;  95.260;   29.67;   41779;   18.00; E0;
27/06/19;   20:35:16;       8.602;  95.076;   29.67;   41742;   18.10; E0;
27/06/19;   20:35:21;       8.687;  95.333;   29.64;   41732;   18.10; E0;
27/06/19;   20:35:26;       8.771;  95.604;   29.63;   41760;   18.00; E0;
27/06/19;   20:35:32;       8.856;  95.517;   29.64;   41717;   18.00; E0;
27/06/19;   20:35:37;       8.940;  95.419;   29.63;   41739;   18.10; E0;
27/06/19;   20:35:42;       9.025;  95.517;   29.64;   41684;   18.00; E0;
27/06/19;   20:35:46;       9.092;  95.591;   29.61;   41695;   18.10; E0;
27/06/19;   20:35:51;       9.177;  95.260;   29.67;   41716;   18.00; E0;
27/06/19;   20:35:56;       9.261;  95.088;   29.69;   41701;   18.00; E0;
27/06/19;   20:36:01;       9.346;  95.088;   29.69;   41750;   18.00; E0;
27/06/19;   20:36:06;       9.430;  95.260;   29.67;   41778;   18.00; E0;
27/06/19;   20:36:11;       9.515;  95.333;   29.64;   41751;   18.10; E0;
27/06/19;   20:36:16;       9.599;  95.604;   29.63;   41767;   18.00; E0;
27/06/19;   20:36:21;       9.684;  95.419;   29.63;   41724;   18.10; E0;
27/06/19;   20:36:26;       9.768;  95.419;   29.63;   41739;   18.10; E0;
27/06/19;   20:36:31;       9.853;  94.990;   29.68;   41721;   18.10; E0;
27/06/19;   20:36:36;       9.937;  95.333;   29.64;   41720;   18.10; E0;
27/06/19;   20:36:42;      10.022;  95.346;   29.66;   41699;   18.00; E0;
27/06/19;   20:36:47;      10.106;  95.419;   29.63;   41695;   18.10; E0;
27/06/19;   20:36:52;      10.191;  95.505;   29.62;   41644;   18.10; E0;
27/06/19;   20:36:57;      10.275;  95.419;   29.63;   41712;   18.10; E0;
27/06/19;   20:37:01;      10.343;  95.161;   29.66;   41674;   18.10; E0;
27/06/19;   20:37:06;      10.427;  95.088;   29.69;   41670;   18.00; E0;
27/06/19;   20:37:11;      10.512;  95.076;   29.67;   41699;   18.10; E0;
27/06/19;   20:37:16;      10.596;  95.247;   29.65;   41720;   18.10; E0;
27/06/19;   20:37:21;      10.681;  95.677;   29.60;   41694;   18.10; E0;
27/06/19;   20:37:26;      10.765;  95.419;   29.63;   41652;   18.10; E0;
27/06/19;   20:37:31;      10.850;  95.776;   29.61;   41668;   18.00; E0;
27/06/19;   20:37:36;      10.934;  95.505;   29.62;   41632;   18.10; E0;
27/06/19;   20:37:41;      11.019;  96.035;   29.58;   41577;   18.00; E0;
27/06/19;   20:37:46;      11.103;  96.110;   29.55;   41581;   18.10; E0;
27/06/19;   20:37:51;      11.188;  95.677;   29.60;   41592;   18.10; E0;
27/06/19;   20:37:57;      11.272;  95.247;   29.65;   41660;   18.10; E0;
27/06/19;   20:38:02;      11.357;  95.419;   29.63;   41676;   18.10; E0;
27/06/19;   20:38:07;      11.441;  94.990;   29.68;   41693;   18.10; E0;
27/06/19;   20:38:11;      11.509;  95.346;   29.66;   41675;   18.00; E0;
27/06/19;   20:38:16;      11.594;  95.517;   29.64;   41654;   18.00; E0;
27/06/19;   20:38:21;      11.678;  95.604;   29.63;   41689;   18.00; E0;
27/06/19;   20:38:26;      11.763;  95.333;   29.64;   41653;   18.10; E0;
27/06/19;   20:38:31;      11.847;  95.505;   29.62;   41623;   18.10; E0;
27/06/19;   20:38:36;      11.931;  95.161;   29.66;   41652;   18.10; E0;
27/06/19;   20:38:41;      12.016;  95.419;   29.63;   41639;   18.10; E0;
27/06/19;   20:38:46;      12.101;  95.776;   29.61;   41582;   18.00; E0;
27/06/19;   20:38:51;      12.185;  95.604;   29.63;   41631;   18.00; E0;
27/06/19;   20:38:56;      12.270;  95.690;   29.62;   41643;   18.00; E0;
27/06/19;   20:39:01;      12.354;  95.333;   29.64;   41653;   18.10; E0;
27/06/19;   20:39:07;      12.439;  95.419;   29.63;   41668;   18.10; E0;
27/06/19;   20:39:12;      12.523;  95.690;   29.62;   41639;   18.00; E0;
27/06/19;   20:39:17;      12.607;  95.604;   29.63;   41633;   18.00; E0;
27/06/19;   20:39:22;      12.692;  95.333;   29.64;   41661;   18.10; E0;
27/06/19;   20:39:26;      12.760;  95.346;   29.66;   41667;   18.00; E0;
27/06/19;   20:39:31;      12.844;  95.690;   29.62;   41657;   18.00; E0;
27/06/19;   20:39:36;      12.929;  95.346;   29.66;   41686;   18.00; E0;
27/06/19;   20:39:41;      13.013;  94.917;   29.71;   41665;   18.00; E0;
27/06/19;   20:39:46;      13.098;  95.333;   29.64;   41639;   18.10; E0;
27/06/19;   20:39:51;      13.182;  95.419;   29.63;   41656;   18.10; E0;
27/06/19;   20:39:56;      13.267;  95.174;   29.68;   41651;   18.00; E0;
27/06/19;   20:40:01;      13.351;  95.333;   29.64;   41674;   18.10; E0;
27/06/19;   20:40:06;      13.436;  95.161;   29.66;   41670;   18.10; E0;
27/06/19;   20:40:11;      13.520;  95.764;   29.59;   41660;   18.10; E0;
27/06/19;   20:40:16;      13.605;  95.346;   29.66;   41667;   18.00; E0;
27/06/19;   20:40:22;      13.689;  95.247;   29.65;   41631;   18.10; E0;
27/06/19;   20:40:27;      13.774;  95.690;   29.62;   41657;   18.00; E0;
27/06/19;   20:40:32;      13.858;  95.604;   29.63;   41660;   18.00; E0;
27/06/19;   20:40:36;      13.926;  95.333;   29.64;   41655;   18.10; E0;
27/06/19;   20:40:41;      14.010;  95.161;   29.66;   41644;   18.10; E0;
27/06/19;   20:40:46;      14.095;  95.419;   29.63;   41661;   18.10; E0;
27/06/19;   20:40:51;      14.179;  95.505;   29.62;   41650;   18.10; E0;
27/06/19;   20:40:56;      14.264;  95.431;   29.65;   41607;   18.00; E0;
27/06/19;   20:41:01;      14.348;  95.862;   29.60;   41606;   18.00; E0;
27/06/19;   20:41:06;      14.433;  95.260;   29.67;   41613;   18.00; E0;
27/06/19;   20:41:11;      14.517;  95.604;   29.63;   41660;   18.00; E0;
27/06/19;   20:41:16;      14.602;  95.505;   29.62;   41630;   18.10; E0;
27/06/19;   20:41:21;      14.686;  95.333;   29.64;   41636;   18.10; E0;
27/06/19;   20:41:26;      14.771;  95.604;   29.63;   41654;   18.00; E0;
27/06/19;   20:41:32;      14.855;  95.862;   29.60;   41606;   18.00; E0;
27/06/19;   20:41:37;      14.940;  95.591;   29.61;   41599;   18.10; E0;
27/06/19;   20:41:42;      15.024;  95.604;   29.63;   41602;   18.00; E0;
27/06/19;   20:41:47;      15.109;  95.333;   29.64;   41591;   18.10; E0;
27/06/19;   20:41:51;      15.176;  96.035;   29.58;   41594;   18.00; E0;
27/06/19;   20:41:56;      15.261;  95.419;   29.63;   41596;   18.10; E0;
27/06/19;   20:42:01;      15.345;  95.949;   29.59;   41555;   18.00; E0;
27/06/19;   20:42:06;      15.430;  95.862;   29.60;   41596;   18.00; E0;
27/06/19;   20:42:11;      15.514;  95.604;   29.63;   41557;   18.00; E0;
27/06/19;   20:42:16;      15.599;  95.604;   29.63;   41546;   18.00; E0;
27/06/19;   20:42:21;      15.683;  95.690;   29.62;   41560;   18.00; E0;
27/06/19;   20:42:26;      15.768;  95.677;   29.60;   41545;   18.10; E0;
27/06/19;   20:42:31;      15.852;  95.517;   29.64;   41573;   18.00; E0;
27/06/19;   20:42:36;      15.937;  95.505;   29.62;   41580;   18.10; E0;
27/06/19;   20:42:41;      16.021;  95.247;   29.65;   41619;   18.10; E0;
27/06/19;   20:42:47;      16.106;  95.431;   29.65;   41645;   18.00; E0;
27/06/19;   20:42:52;      16.190;  95.604;   29.63;   41652;   18.00; E0;
27/06/19;   20:42:57;      16.275;  95.076;   29.67;   41678;   18.10; E0;
27/06/19;   20:43:01;      16.342;  95.346;   29.66;   41701;   18.00; E0;
27/06/19;   20:43:06;      16.427;  95.174;   29.68;   41723;   18.00; E0;
27/06/19;   20:43:11;      16.511;  94.649;   29.72;   41790;   18.10; E0;
27/06/19;   20:43:16;      16.596;  94.224;   29.77;   41842;   18.10; E0;
27/06/19;   20:43:21;      16.680;  94.492;   29.76;   41870;   18.00; E0;
27/06/19;   20:43:26;      16.765;  94.492;   29.76;   41856;   18.00; E0;
27/06/19;   20:43:31;      16.849;  94.224;   29.77;   41909;   18.10; E0;
27/06/19;   20:43:36;      16.934;  93.466;   29.86;   41927;   18.10; E0;
27/06/19;   20:43:41;      17.018;  94.068;   29.81;   41952;   18.00; E0;
27/06/19;   20:43:46;      17.103;  94.068;   29.81;   41995;   18.00; E0;
27/06/19;   20:43:51;      17.187;  93.647;   29.86;   42024;   18.00; E0;
27/06/19;   20:43:57;      17.272;  93.382;   29.87;   42046;   18.10; E0;
27/06/19;   20:44:02;      17.356;  93.215;   29.89;   42024;   18.10; E0;
27/06/19;   20:44:07;      17.441;  93.048;   29.91;   42067;   18.10; E0;
27/06/19;   20:44:12;      17.526;  93.298;   29.88;   42120;   18.10; E0;
27/06/19;   20:44:16;      17.593;  92.881;   29.93;   42168;   18.10; E0;
27/06/19;   20:44:21;      17.677;  92.714;   29.95;   42204;   18.10; E0;
27/06/19;   20:44:26;      17.762;  92.798;   29.94;   42209;   18.10; E0;
27/06/19;   20:44:31;      17.846;  92.466;   29.98;   42283;   18.10; E0;
27/06/19;   20:44:36;      17.931;  92.218;   30.01;   42297;   18.10; E0;
27/06/19;   20:44:41;      18.015;  91.970;   30.04;   42350;   18.10; E0;
27/06/19;   20:44:46;      18.100;  92.066;   30.05;   42386;   18.00; E0;
27/06/19;   20:44:51;      18.185;  91.396;   30.11;   42399;   18.10; E0;
27/06/19;   20:44:56;      18.269;  91.478;   30.10;   42450;   18.10; E0;
27/06/19;   20:45:01;      18.353;  91.315;   30.12;   42444;   18.10; E0;
27/06/19;   20:45:06;      18.438;  91.560;   30.09;   42518;   18.10; E0;
27/06/19;   20:45:12;      18.523;  90.827;   30.18;   42545;   18.10; E0;
27/06/19;   20:45:17;      18.607;  90.908;   30.17;   42582;   18.10; E0;
27/06/19;   20:45:22;      18.692;  90.827;   30.18;   42603;   18.10; E0;
27/06/19;   20:45:26;      18.759;  90.746;   30.19;   42632;   18.10; E0;
27/06/19;   20:45:31;      18.844;  90.989;   30.16;   42638;   18.10; E0;
27/06/19;   20:45:36;      18.928;  91.070;   30.15;   42611;   18.10; E0;
27/06/19;   20:45:41;      19.013;  90.665;   30.20;   42598;   18.10; E0;
27/06/19;   20:45:46;      19.097;  90.584;   30.21;   42678;   18.10; E0;
27/06/19;   20:45:51;      19.182;  90.665;   30.20;   42722;   18.10; E0;
27/06/19;   20:45:56;      19.266;  90.181;   30.26;   42737;   18.10; E0;
27/06/19;   20:46:01;      19.351;  90.101;   30.27;   42764;   18.10; E0;
27/06/19;   20:46:06;      19.435;  89.940;   30.29;   42780;   18.10; E0;
27/06/19;   20:46:11;      19.520;  89.860;   30.30;   42817;   18.10; E0;
27/06/19;   20:46:16;      19.604;  90.101;   30.27;   42835;   18.10; E0;
27/06/19;   20:46:22;      19.689;  89.940;   30.29;   42829;   18.10; E0;
27/06/19;   20:46:27;      19.773;  90.020;   30.28;   42829;   18.10; E0;
27/06/19;   20:46:32;      19.858;  89.940;   30.29;   42828;   18.10; E0;
27/06/19;   20:46:37;      19.942;  89.780;   30.31;   42867;   18.10; E0;
27/06/19;   20:46:41;      20.010;  89.700;   30.32;   42886;   18.10; E0;
27/06/19;   20:46:46;      20.094;  89.143;   30.39;   42934;   18.10; E0;
27/06/19;   20:46:51;      20.179;  89.064;   30.40;   42974;   18.10; E0;
27/06/19;   20:46:56;      20.263;  88.905;   30.42;   43048;   18.10; E0;
27/06/19;   20:47:01;      20.348;  88.747;   30.44;   43094;   18.10; E0;
27/06/19;   20:47:06;      20.432;  88.668;   30.45;   43115;   18.10; E0;
27/06/19;   20:47:11;      20.517;  88.511;   30.47;   43120;   18.10; E0;
27/06/19;   20:47:16;      20.601;  88.432;   30.48;   43195;   18.10; E0;
27/06/19;   20:47:21;      20.686;  87.807;   30.56;   43262;   18.10; E0;
27/06/19;   20:47:26;      20.770;  87.729;   30.57;   43311;   18.10; E0;
27/06/19;   20:47:31;      20.855;  87.651;   30.58;   43334;   18.10; E0;
27/06/19;   20:47:37;      20.939;  87.729;   30.57;   43346;   18.10; E0;
27/06/19;   20:47:42;      21.024;  87.651;   30.58;   43388;   18.10; E0;
27/06/19;   20:47:47;      21.108;  87.186;   30.64;   43414;   18.10; E0;
27/06/19;   20:47:51;      21.176;  87.109;   30.65;   43501;   18.10; E0;
27/06/19;   20:47:56;      21.260;  86.877;   30.68;   43523;   18.10; E0;
27/06/19;   20:48:01;      21.345;  86.724;   30.70;   43554;   18.10; E0;
27/06/19;   20:48:06;      21.430;  86.724;   30.70;   43574;   18.10; E0;
27/06/19;   20:48:11;      21.514;  86.647;   30.71;   43581;   18.10; E0;
27/06/19;   20:48:16;      21.599;  86.188;   30.77;   43633;   18.10; E0;
27/06/19;   20:48:21;      21.683;  86.341;   30.75;   43664;   18.10; E0;
27/06/19;   20:48:26;      21.767;  86.036;   30.79;   43709;   18.10; E0;
27/06/19;   20:48:31;      21.852;  85.960;   30.80;   43755;   18.10; E0;
27/06/19;   20:48:36;      21.936;  85.808;   30.82;   43773;   18.10; E0;
27/06/19;   20:48:41;      22.021;  85.430;   30.87;   43811;   18.10; E0;
27/06/19;   20:48:47;      22.105;  85.505;   30.86;   43787;   18.10; E0;
27/06/19;   20:48:52;      22.190;  85.581;   30.85;   43816;   18.10; E0;
27/06/19;   20:48:57;      22.274;  85.430;   30.87;   43867;   18.10; E0;
27/06/19;   20:49:02;      22.359;  85.279;   30.89;   43838;   18.10; E0;
27/06/19;   20:49:06;      22.427;  85.430;   30.87;   43822;   18.10; E0;
27/06/19;   20:49:11;      22.511;  85.581;   30.85;   43817;   18.10; E0;
27/06/19;   20:49:16;      22.596;  85.581;   30.85;   43843;   18.10; E0;
27/06/19;   20:49:21;      22.680;  85.354;   30.88;   43857;   18.10; E0;
27/06/19;   20:49:26;      22.765;  85.354;   30.88;   43901;   18.10; E0;
27/06/19;   20:49:31;      22.849;  84.679;   30.97;   43949;   18.10; E0;
27/06/19;   20:49:36;      22.934;  84.978;   30.93;   44004;   18.10; E0;
27/06/19;   20:49:41;      23.018;  84.754;   30.96;   44059;   18.10; E0;
27/06/19;   20:49:46;      23.103;  84.530;   30.99;   44091;   18.10; E0;
27/06/19;   20:49:51;      23.187;  84.381;   31.01;   44093;   18.10; E0;
27/06/19;   20:49:57;      23.272;  84.084;   31.05;   44163;   18.10; E0;
27/06/19;   20:50:02;      23.356;  84.084;   31.05;   44174;   18.10; E0;
27/06/19;   20:50:07;      23.441;  84.010;   31.06;   44228;   18.10; E0;
27/06/19;   20:50:12;      23.525;  83.641;   31.11;   44308;   18.10; E0;
27/06/19;   20:50:16;      23.593;  83.347;   31.15;   44327;   18.10; E0;
27/06/19;   20:50:21;      23.677;  83.494;   31.13;   44383;   18.10; E0;
27/06/19;   20:50:26;      23.762;  83.127;   31.18;   44416;   18.10; E0;
27/06/19;   20:50:31;      23.846;  82.981;   31.20;   44431;   18.10; E0;
27/06/19;   20:50:36;      23.931;  82.908;   31.21;   44460;   18.10; E0;
27/06/19;   20:50:41;      24.015;  82.908;   31.21;   44473;   18.10; E0;
27/06/19;   20:50:46;      24.100;  82.981;   31.20;   44459;   18.10; E0;
27/06/19;   20:50:51;      24.184;  82.981;   31.20;   44434;   18.10; E0;
27/06/19;   20:50:56;      24.269;  83.127;   31.18;   44465;   18.10; E0;
27/06/19;   20:51:01;      24.353;  82.836;   31.22;   44501;   18.10; E0;
27/06/19;   20:51:06;      24.438;  82.618;   31.25;   44520;   18.10; E0;
27/06/19;   20:51:12;      24.522;  82.473;   31.27;   44598;   18.10; E0;
27/06/19;   20:51:17;      24.607;  82.183;   31.31;   44675;   18.10; E0;
27/06/19;   20:51:22;      24.691;  81.824;   31.36;   44743;   18.10; E0;
27/06/19;   20:51:27;      24.776;  81.609;   31.39;   44777;   18.10; E0;
27/06/19;   20:51:31;      24.843;  81.680;   31.38;   44771;   18.10; E0;
27/06/19;   20:51:36;      24.928;  81.537;   31.40;   44836;   18.10; E0;
27/06/19;   20:51:41;      25.012;  81.466;   31.41;   44887;   18.10; E0;
27/06/19;   20:51:46;      25.097;  81.252;   31.44;   44924;   18.10; E0;
27/06/19;   20:51:51;      25.181;  81.252;   31.44;   44939;   18.10; E0;
27/06/19;   20:51:56;      25.266;  80.826;   31.50;   44985;   18.10; E0;
27/06/19;   20:52:01;      25.350;  80.755;   31.51;   45011;   18.10; E0;
27/06/19;   20:52:06;      25.435;  80.685;   31.52;   45063;   18.10; E0;
27/06/19;   20:52:11;      25.519;  80.685;   31.52;   45052;   18.10; E0;
27/06/19;   20:52:16;      25.604;  80.755;   31.51;   45055;   18.10; E0;
27/06/19;   20:52:22;      25.688;  80.614;   31.53;   45088;   18.10; E0;
27/06/19;   20:52:27;      25.773;  80.332;   31.57;   45102;   18.10; E0;
27/06/19;   20:52:32;      25.857;  80.262;   31.58;   45143;   18.10; E0;
27/06/19;   20:52:37;      25.942;  80.122;   31.60;   45168;   18.10; E0;
27/06/19;   20:52:41;      26.009;  80.052;   31.61;   45195;   18.10; E0;
27/06/19;   20:52:46;      26.094;  79.703;   31.66;   45245;   18.10; E0;
27/06/19;   20:52:51;      26.178;  79.982;   31.62;   45278;   18.10; E0;
27/06/19;   20:52:56;      26.263;  79.425;   31.70;   45322;   18.10; E0;
27/06/19;   20:53:01;      26.347;  79.425;   31.70;   45385;   18.10; E0;
27/06/19;   20:53:06;      26.432;  79.355;   31.71;   45435;   18.10; E0;
27/06/19;   20:53:11;      26.516;  79.010;   31.76;   45466;   18.10; E0;
27/06/19;   20:53:16;      26.601;  79.010;   31.76;   45532;   18.10; E0;
27/06/19;   20:53:21;      26.685;  78.803;   31.79;   45536;   18.10; E0;
27/06/19;   20:53:26;      26.770;  78.529;   31.83;   45553;   18.10; E0;
27/06/19;   20:53:31;      26.854;  78.529;   31.83;   45595;   18.10; E0;
27/06/19;   20:53:37;      26.939;  78.460;   31.84;   45656;   18.10; E0;
27/06/19;   20:53:42;      27.023;  78.324;   31.86;   45649;   18.10; E0;
27/06/19;   20:53:47;      27.108;  78.051;   31.90;   45725;   18.10; E0;
27/06/19;   20:53:52;      27.192;  78.119;   31.89;   45724;   18.10; E0;
27/06/19;   20:53:56;      27.260;  77.915;   31.92;   45783;   18.10; E0;
27/06/19;   20:54:01;      27.344;  77.712;   31.95;   45806;   18.10; E0;
27/06/19;   20:54:06;      27.429;  77.509;   31.98;   45826;   18.10; E0;
27/06/19;   20:54:11;      27.514;  78.051;   31.90;   45787;   18.10; E0;
27/06/19;   20:54:16;      27.598;  77.712;   31.95;   45790;   18.10; E0;
27/06/19;   20:54:21;      27.682;  77.848;   31.93;   45808;   18.10; E0;
27/06/19;   20:54:26;      27.767;  77.644;   31.96;   45847;   18.10; E0;
27/06/19;   20:54:31;      27.851;  77.173;   32.03;   45886;   18.10; E0;
27/06/19;   20:54:36;      27.936;  77.173;   32.03;   45945;   18.10; E0;
27/06/19;   20:54:41;      28.020;  77.106;   32.04;   46007;   18.10; E0;
27/06/19;   20:54:46;      28.105;  77.106;   32.04;   46067;   18.10; E0;
27/06/19;   20:54:52;      28.189;  76.439;   32.14;   46105;   18.10; E0;
27/06/19;   20:54:57;      28.274;  76.505;   32.13;   46126;   18.10; E0;
27/06/19;   20:55:02;      28.358;  76.306;   32.16;   46170;   18.10; E0;
27/06/19;   20:55:06;      28.426;  76.372;   32.15;   46200;   18.10; E0;
27/06/19;   20:55:11;      28.511;  76.439;   32.14;   46201;   18.10; E0;
27/06/19;   20:55:16;      28.595;  76.107;   32.19;   46219;   18.10; E0;
27/06/19;   20:55:21;      28.680;  76.107;   32.19;   46208;   18.10; E0;
27/06/19;   20:55:26;      28.764;  75.909;   32.22;   46275;   18.10; E0;
27/06/19;   20:55:31;      28.849;  75.778;   32.24;   46307;   18.10; E0;
27/06/19;   20:55:36;      28.933;  75.712;   32.25;   46349;   18.10; E0;
27/06/19;   20:55:41;      29.018;  75.515;   32.28;   46423;   18.10; E0;
27/06/19;   20:55:46;      29.102;  75.254;   32.32;   46478;   18.10; E0;
27/06/19;   20:55:51;      29.187;  75.189;   32.33;   46512;   18.10; E0;
27/06/19;   20:55:56;      29.271;  75.123;   32.34;   46549;   18.10; E0;
27/06/19;   20:56:02;      29.356;  75.058;   32.35;   46574;   18.10; E0;
27/06/19;   20:56:07;      29.440;  74.928;   32.37;   46632;   18.10; E0;
27/06/19;   20:56:12;      29.525;  74.411;   32.45;   46646;   18.10; E0;
27/06/19;   20:56:17;      29.609;  74.540;   32.43;   46684;   18.10; E0;
27/06/19;   20:56:21;      29.677;  74.282;   32.47;   46697;   18.10; E0;
27/06/19;   20:56:26;      29.761;  74.411;   32.45;   46702;   18.10; E0;
27/06/19;   20:56:31;      29.846;  74.218;   32.48;   46773;   18.10; E0;
27/06/19;   20:56:36;      29.930;  73.961;   32.52;   46777;   18.10; E0;
27/06/19;   20:56:41;      30.015;  74.218;   32.48;   46808;   18.10; E0;
27/06/19;   20:56:46;      30.099;  73.961;   32.52;   46878;   18.10; E0;
27/06/19;   20:56:51;      30.184;  73.898;   32.53;   46867;   18.10; E0;
27/06/19;   20:56:56;      30.268;  73.642;   32.57;   46910;   18.10; E0;
27/06/19;   20:57:01;      30.353;  73.261;   32.63;   46978;   18.10; E0;
27/06/19;   20:57:06;      30.437;  73.198;   32.64;   47039;   18.10; E0;
27/06/19;   20:57:12;      30.522;  73.009;   32.67;   47111;   18.10; E0;
27/06/19;   20:57:17;      30.606;  73.072;   32.66;   47139;   18.10; E0;
27/06/19;   20:57:22;      30.691;  72.694;   32.72;   47174;   18.10; E0;
27/06/19;   20:57:27;      30.775;  72.883;   32.69;   47197;   18.10; E0;
27/06/19;   20:57:31;      30.843;  72.631;   32.73;   47161;   18.10; E0;
27/06/19;   20:57:36;      30.927;  72.631;   32.73;   47213;   18.10; E0;
27/06/19;   20:57:41;      31.012;  72.506;   32.75;   47221;   18.10; E0;
27/06/19;   20:57:46;      31.096;  72.569;   32.74;   47190;   18.10; E0;
27/06/19;   20:57:51;      31.181;  72.569;   32.74;   47245;   18.10; E0;
27/06/19;   20:57:56;      31.265;  72.381;   32.77;   47263;   18.10; E0;
27/06/19;   20:58:01;      31.350;  72.443;   32.76;   47306;   18.10; E0;
27/06/19;   20:58:06;      31.434;  72.319;   32.78;   47327;   18.10; E0;
27/06/19;   20:58:11;      31.519;  72.132;   32.81;   47321;   18.10; E0;
27/06/19;   20:58:16;      31.603;  71.945;   32.84;   47416;   18.10; E0;
27/06/19;   20:58:21;      31.688;  72.069;   32.82;   47471;   18.10; E0;
27/06/19;   20:58:27;      31.772;  71.636;   32.89;   47530;   18.10; E0;
27/06/19;   20:58:32;      31.857;  71.328;   32.94;   47572;   18.10; E0;
27/06/19;   20:58:37;      31.941;  71.389;   32.93;   47608;   18.10; E0;
27/06/19;   20:58:42;      32.026;  71.082;   32.98;   47666;   18.10; E0;
27/06/19;   20:58:46;      32.093;  70.960;   33.00;   47724;   18.10; E0;
27/06/19;   20:58:51;      32.178;  70.777;   33.03;   47768;   18.10; E0;
27/06/19;   20:58:56;      32.262;  70.534;   33.07;   47817;   18.10; E0;
27/06/19;   20:59:01;      32.347;  70.473;   33.08;   47880;   18.10; E0;
27/06/19;   20:59:06;      32.431;  70.534;   33.07;   47947;   18.10; E0;
27/06/19;   20:59:11;      32.516;  70.231;   33.12;   47934;   18.10; E0;
27/06/19;   20:59:16;      32.600;  70.050;   33.15;   47969;   18.10; E0;
27/06/19;   20:59:21;      32.685;  69.809;   33.19;   48025;   18.10; E0;
27/06/19;   20:59:26;      32.769;  69.809;   33.19;   48041;   18.10; E0;
27/06/19;   20:59:31;      32.854;  69.689;   33.21;   48100;   18.10; E0;
27/06/19;   20:59:37;      32.938;  69.630;   33.22;   48079;   18.10; E0;
27/06/19;   20:59:42;      33.023;  69.689;   33.21;   48116;   18.10; E0;
27/06/19;   20:59:47;      33.107;  69.510;   33.24;   48155;   18.10; E0;
27/06/19;   20:59:52;      33.192;  69.570;   33.23;   48128;   18.10; E0;
27/06/19;   20:59:56;      33.259;  69.450;   33.25;   48164;   18.10; E0;
27/06/19;   21:00:01;      33.344;  69.331;   33.27;   48214;   18.10; E0;
27/06/19;   21:00:06;      33.428;  69.212;   33.29;   48214;   18.10; E0;
27/06/19;   21:00:11;      33.513;  69.034;   33.32;   48270;   18.10; E0;
27/06/19;   21:00:16;      33.597;  68.620;   33.39;   48338;   18.10; E0;
27/06/19;   21:00:21;      33.682;  68.738;   33.37;   48384;   18.10; E0;
27/06/19;   21:00:26;      33.766;  68.327;   33.44;   48465;   18.10; E0;
27/06/19;   21:00:31;      33.851;  68.268;   33.45;   48447;   18.10; E0;
27/06/19;   21:00:36;      33.935;  68.034;   33.49;   48498;   18.10; E0;
27/06/19;   21:00:41;      34.020;  68.093;   33.48;   48567;   18.10; E0;
27/06/19;   21:00:46;      34.104;  68.151;   33.47;   48546;   18.10; E0;
27/06/19;   21:00:52;      34.189;  68.093;   33.48;   48570;   18.10; E0;
27/06/19;   21:00:57;      34.273;  68.093;   33.48;   48575;   18.10; E0;
27/06/19;   21:01:02;      34.358;  68.034;   33.49;   48590;   18.10; E0;
27/06/19;   21:01:07;      34.442;  67.685;   33.55;   48619;   18.10; E0;
27/06/19;   21:01:11;      34.510;  67.511;   33.58;   48681;   18.10; E0;
27/06/19;   21:01:16;      34.595;  67.685;   33.55;   48738;   18.10; E0;
27/06/19;   21:01:21;      34.679;  67.280;   33.62;   48800;   18.10; E0;
27/06/19;   21:01:26;      34.764;  67.165;   33.64;   48827;   18.10; E0;
27/06/19;   21:01:31;      34.848;  67.165;   33.64;   48860;   18.10; E0;
27/06/19;   21:01:36;      34.932;  66.878;   33.69;   48899;   18.10; E0;
27/06/19;   21:01:41;      35.017;  66.706;   33.72;   48969;   18.10; E0;
27/06/19;   21:01:46;      35.101;  66.706;   33.72;   48995;   18.10; E0;
27/06/19;   21:01:51;      35.186;  66.592;   33.74;   49020;   18.10; E0;
27/06/19;   21:01:56;      35.271;  66.535;   33.75;   49024;   18.10; E0;
27/06/19;   21:02:02;      35.355;  66.478;   33.76;   49039;   18.10; E0;
27/06/19;   21:02:07;      35.440;  66.478;   33.76;   49068;   18.10; E0;
27/06/19;   21:02:12;      35.524;  66.478;   33.76;   49106;   18.10; E0;
27/06/19;   21:02:17;      35.608;  66.138;   33.82;   49126;   18.10; E0;
27/06/19;   21:02:21;      35.676;  65.968;   33.85;   49150;   18.10; E0;
27/06/19;   21:02:26;      35.761;  66.308;   33.79;   49129;   18.10; E0;
27/06/19;   21:02:31;      35.845;  66.706;   33.72;   49003;   18.10; E0;
27/06/19;   21:02:36;      35.930;  66.993;   33.67;   48849;   18.10; E0;
27/06/19;   21:02:41;      36.014;  67.918;   33.51;   48545;   18.10; E0;
27/06/19;   21:02:46;      36.099;  68.268;   33.45;   48375;   18.10; E0;
27/06/19;   21:02:51;      36.183;  69.093;   33.31;   48195;   18.10; E0;
27/06/19;   21:02:56;      36.268;  70.050;   33.15;   48006;   18.10; E0;
27/06/19;   21:03:01;      36.352;  70.412;   33.09;   47731;   18.10; E0;
27/06/19;   21:03:06;      36.437;  70.960;   33.00;   47700;   18.10; E0;
27/06/19;   21:03:11;      36.521;  71.266;   32.95;   47609;   18.10; E0;
27/06/19;   21:03:17;      36.606;  71.451;   32.92;   47543;   18.10; E0;
27/06/19;   21:03:22;      36.690;  71.759;   32.87;   47416;   18.10; E0;
27/06/19;   21:03:27;      36.775;  71.636;   32.89;   47407;   18.10; E0;
27/06/19;   21:03:31;      36.842;  71.945;   32.84;   47378;   18.10; E0;
27/06/19;   21:03:36;      36.927;  72.757;   32.71;   47195;   18.10; E0;
27/06/19;   21:03:41;      37.011;  72.961;   32.70;   47146;   18.00; E0;
27/06/19;   21:03:46;      37.096;  73.277;   32.65;   47015;   18.00; E0;
27/06/19;   21:03:51;      37.180;  73.722;   32.58;   46829;   18.00; E0;
27/06/19;   21:03:56;      37.265;  74.620;   32.44;   46660;   18.00; E0;
27/06/19;   21:04:01;      37.349;  74.427;   32.47;   46608;   18.00; E0;
27/06/19;   21:04:06;      37.434;  74.685;   32.43;   46564;   18.00; E0;
27/06/19;   21:04:11;      37.518;  75.139;   32.36;   46514;   18.00; E0;
27/06/19;   21:04:16;      37.603;  75.465;   32.31;   46457;   18.00; E0;
27/06/19;   21:04:21;      37.687;  75.728;   32.27;   46337;   18.00; E0;
27/06/19;   21:04:27;      37.772;  76.255;   32.19;   46186;   18.00; E0;
27/06/19;   21:04:32;      37.856;  76.321;   32.18;   46116;   18.00; E0;
27/06/19;   21:04:37;      37.941;  76.787;   32.11;   46075;   18.00; E0;
27/06/19;   21:04:42;      38.025;  76.854;   32.10;   46002;   18.00; E0;
27/06/19;   21:04:46;      38.093;  77.054;   32.07;   45908;   18.00; E0;
27/06/19;   21:04:51;      38.177;  77.592;   31.99;   45788;   18.00; E0;
27/06/19;   21:04:56;      38.262;  78.135;   31.91;   45678;   18.00; E0;
27/06/19;   21:05:01;      38.347;  78.339;   31.88;   45565;   18.00; E0;
27/06/19;   21:05:06;      38.431;  78.956;   31.79;   45472;   18.00; E0;
27/06/19;   21:05:11;      38.515;  79.371;   31.73;   45341;   18.00; E0;
27/06/19;   21:05:16;      38.600;  79.718;   31.68;   45190;   18.00; E0;
27/06/19;   21:05:21;      38.685;  80.418;   31.58;   45082;   18.00; E0;
27/06/19;   21:05:26;      38.769;  80.488;   31.57;   44998;   18.00; E0;
27/06/19;   21:05:31;      38.854;  80.912;   31.51;   44923;   18.00; E0;
27/06/19;   21:05:36;      38.938;  80.983;   31.50;   44864;   18.00; E0;
27/06/19;   21:05:42;      39.022;  81.409;   31.44;   44810;   18.00; E0;
27/06/19;   21:05:47;      39.107;  81.481;   31.43;   44770;   18.00; E0;
27/06/19;   21:05:52;      39.191;  81.767;   31.39;   44698;   18.00; E0;
27/06/19;   21:05:56;      39.259;  82.126;   31.34;   44593;   18.00; E0;
27/06/19;   21:06:01;      39.343;  82.851;   31.24;   44468;   18.00; E0;
27/06/19;   21:06:06;      39.428;  83.142;   31.20;   44422;   18.00; E0;
27/06/19;   21:06:11;      39.512;  83.142;   31.20;   44305;   18.00; E0;
27/06/19;   21:06:16;      39.597;  83.435;   31.16;   44226;   18.00; E0;
27/06/19;   21:06:21;      39.682;  83.877;   31.10;   44201;   18.00; E0;
27/06/19;   21:06:26;      39.766;  83.729;   31.12;   44128;   18.00; E0;
27/06/19;   21:06:31;      39.851;  84.247;   31.05;   44004;   18.00; E0;
27/06/19;   21:06:36;      39.935;  84.843;   30.97;   43911;   18.00; E0;
27/06/19;   21:06:41;      40.020;  84.843;   30.97;   43820;   18.00; E0;
27/06/19;   21:06:46;      40.104;  85.520;   30.88;   43787;   18.00; E0;
27/06/19;   21:06:52;      40.189;  85.595;   30.87;   43768;   18.00; E0;
27/06/19;   21:06:57;      40.273;  85.444;   30.89;   43745;   18.00; E0;
27/06/19;   21:07:02;      40.358;  85.520;   30.88;   43696;   18.00; E0;
27/06/19;   21:07:07;      40.442;  85.671;   30.86;   43675;   18.00; E0;
27/06/19;   21:07:11;      40.510;  85.898;   30.83;   43616;   18.00; E0;
27/06/19;   21:07:16;      40.594;  86.738;   30.72;   43524;   18.00; E0;
27/06/19;   21:07:21;      40.679;  86.431;   30.76;   43459;   18.00; E0;
27/06/19;   21:07:26;      40.763;  87.046;   30.68;   43415;   18.00; E0;
27/06/19;   21:07:31;      40.848;  87.277;   30.65;   43359;   18.00; E0;
27/06/19;   21:07:36;      40.932;  87.432;   30.63;   43291;   18.00; E0;
27/06/19;   21:07:41;      41.017;  87.432;   30.63;   43238;   18.00; E0;
27/06/19;   21:07:46;      41.101;  87.743;   30.59;   43199;   18.00; E0;
27/06/19;   21:07:51;      41.186;  88.368;   30.51;   43094;   18.00; E0;
27/06/19;   21:07:56;      41.270;  88.525;   30.49;   43016;   18.00; E0;
27/06/19;   21:08:01;      41.355;  88.525;   30.49;   42973;   18.00; E0;
27/06/19;   21:08:07;      41.439;  88.682;   30.47;   42934;   18.00; E0;
27/06/19;   21:08:12;      41.524;  88.998;   30.43;   42871;   18.00; E0;
27/06/19;   21:08:17;      41.608;  89.315;   30.39;   42860;   18.00; E0;
27/06/19;   21:08:21;      41.676;  89.236;   30.40;   42794;   18.00; E0;
27/06/19;   21:08:26;      41.760;  89.475;   30.37;   42751;   18.00; E0;
27/06/19;   21:08:31;      41.845;  89.634;   30.35;   42701;   18.00; E0;
27/06/19;   21:08:36;      41.929;  89.634;   30.35;   42691;   18.00; E0;
27/06/19;   21:08:41;      42.014;  90.355;   30.26;   42624;   18.00; E0;
27/06/19;   21:08:46;      42.098;  90.436;   30.25;   42593;   18.00; E0;
27/06/19;   21:08:51;      42.183;  90.114;   30.29;   42545;   18.00; E0;
27/06/19;   21:08:56;      42.267;  90.598;   30.23;   42508;   18.00; E0;
27/06/19;   21:09:01;      42.352;  90.921;   30.19;   42432;   18.00; E0;
27/06/19;   21:09:06;      42.436;  91.247;   30.15;   42402;   18.00; E0;
27/06/19;   21:09:11;      42.521;  91.084;   30.17;   42407;   18.00; E0;
27/06/19;   21:09:17;      42.605;  91.247;   30.15;   42379;   18.00; E0;
27/06/19;   21:09:22;      42.690;  91.328;   30.14;   42367;   18.00; E0;
27/06/19;   21:09:27;      42.774;  91.247;   30.15;   42354;   18.00; E0;
27/06/19;   21:09:32;      42.859;  91.655;   30.10;   42330;   18.00; E0;
27/06/19;   21:09:36;      42.926;  91.737;   30.09;   42323;   18.00; E0;
27/06/19;   21:09:41;      43.011;  91.901;   30.07;   42263;   18.00; E0;
27/06/19;   21:09:46;      43.095;  91.819;   30.08;   42179;   18.00; E0;
27/06/19;   21:09:51;      43.180;  92.148;   30.04;   42099;   18.00; E0;
27/06/19;   21:09:56;      43.264;  93.144;   29.92;   42010;   18.00; E0;
27/06/19;   21:10:01;      43.349;  92.894;   29.95;   41968;   18.00; E0;
27/06/19;   21:10:06;      43.433;  93.731;   29.85;   41948;   18.00; E0;
27/06/19;   21:10:11;      43.518;  93.563;   29.87;   41935;   18.00; E0;
27/06/19;   21:10:16;      43.602;  93.144;   29.92;   41892;   18.00; E0;
27/06/19;   21:10:21;      43.687;  93.731;   29.85;   41869;   18.00; E0;
27/06/19;   21:10:26;      43.771;  93.395;   29.89;   41873;   18.00; E0;
27/06/19;   21:10:32;      43.856;  93.563;   29.87;   41856;   18.00; E0;
27/06/19;   21:10:37;      43.940;  93.731;   29.85;   41842;   18.00; E0;
27/06/19;   21:10:42;      44.025;  93.731;   29.85;   41816;   18.00; E0;
27/06/19;   21:10:46;      44.093;  93.899;   29.83;   41793;   18.00; E0;
27/06/19;   21:10:51;      44.177;  94.068;   29.81;   41736;   18.00; E0;
27/06/19;   21:10:56;      44.261;  94.153;   29.80;   41709;   18.00; E0;
27/06/19;   21:11:01;      44.346;  94.153;   29.80;   41707;   18.00; E0;
27/06/19;   21:11:06;      44.430;  94.068;   29.81;   41743;   18.00; E0;
27/06/19;   21:11:11;      44.515;  94.068;   29.81;   41769;   18.00; E0;
27/06/19;   21:11:16;      44.599;  94.068;   29.81;   41776;   18.00; E0;
27/06/19;   21:11:21;      44.684;  93.899;   29.83;   41764;   18.00; E0;
27/06/19;   21:11:26;      44.769;  93.731;   29.85;   41743;   18.00; E0;
27/06/19;   21:11:31;      44.853;  94.237;   29.79;   41692;   18.00; E0;
27/06/19;   21:11:36;      44.937;  94.407;   29.77;   41668;   18.00; E0;
27/06/19;   21:11:42;      45.022;  94.492;   29.76;   41633;   18.00; E0;
27/06/19;   21:11:47;      45.106;  94.662;   29.74;   41630;   18.00; E0;
27/06/19;   21:11:52;      45.191;  94.662;   29.74;   41613;   18.00; E0;
27/06/19;   21:11:57;      45.275;  94.747;   29.73;   41617;   18.00; E0;
27/06/19;   21:12:01;      45.343;  95.003;   29.70;   41605;   18.00; E0;
27/06/19;   21:12:06;      45.428;  94.747;   29.73;   41602;   18.00; E0;
27/06/19;   21:12:11;      45.512;  94.917;   29.71;   41548;   18.00; E0;
27/06/19;   21:12:16;      45.597;  95.260;   29.67;   41522;   18.00; E0;
27/06/19;   21:12:21;      45.681;  95.346;   29.66;   41545;   18.00; E0;
27/06/19;   21:12:26;      45.766;  95.174;   29.68;   41504;   18.00; E0;
27/06/19;   21:12:31;      45.850;  94.832;   29.72;   41513;   18.00; E0;
27/06/19;   21:12:36;      45.935;  95.174;   29.68;   41474;   18.00; E0;
27/06/19;   21:12:41;      46.019;  95.346;   29.66;   41430;   18.00; E0;
27/06/19;   21:12:46;      46.104;  95.875;   29.62;   41418;   17.90; E0;
27/06/19;   21:12:51;      46.188;  95.690;   29.62;   41422;   18.00; E0;
27/06/19;   21:12:57;      46.273;  95.875;   29.62;   41394;   17.90; E0;
27/06/19;   21:13:02;      46.357;  95.961;   29.61;   41385;   17.90; E0;
27/06/19;   21:13:07;      46.442;  95.949;   29.59;   41335;   18.00; E0;
27/06/19;   21:13:11;      46.509;  95.776;   29.61;   41331;   18.00; E0;
27/06/19;   21:13:16;      46.594;  96.395;   29.56;   41290;   17.90; E0;
27/06/19;   21:13:21;      46.678;  95.961;   29.61;   41298;   17.90; E0;
27/06/19;   21:13:26;      46.763;  96.308;   29.57;   41256;   17.90; E0;
27/06/19;   21:13:31;      46.847;  96.482;   29.55;   41254;   17.90; E0;
27/06/19;   21:13:36;      46.932;  96.383;   29.54;   41241;   18.00; E0;
27/06/19;   21:13:41;      47.016;  96.482;   29.55;   41228;   17.90; E0;
27/06/19;   21:13:46;      47.101;  96.482;   29.55;   41217;   17.90; E0;
27/06/19;   21:13:51;      47.185;  96.656;   29.53;   41198;   17.90; E0;
27/06/19;   21:13:56;      47.270;  97.094;   29.48;   41172;   17.90; E0;
27/06/19;   21:14:01;      47.354;  97.006;   29.49;   41166;   17.90; E0;
27/06/19;   21:14:07;      47.439;  96.569;   29.54;   41146;   17.90; E0;
27/06/19;   21:14:12;      47.523;  97.182;   29.47;   41136;   17.90; E0;
27/06/19;   21:14:17;      47.608;  97.094;   29.48;   41138;   17.90; E0;
27/06/19;   21:14:22;      47.692;  97.006;   29.49;   41127;   17.90; E0;
27/06/19;   21:14:26;      47.760;  96.656;   29.53;   41132;   17.90; E0;
27/06/19;   21:14:31;      47.844;  97.269;   29.46;   41118;   17.90; E0;
27/06/19;   21:14:36;      47.929;  97.094;   29.48;   41120;   17.90; E0;
27/06/19;   21:14:41;      48.013;  97.357;   29.45;   41084;   17.90; E0;
27/06/19;   21:14:46;      48.098;  97.357;   29.45;   41122;   17.90; E0;
27/06/19;   21:14:51;      48.182;  97.269;   29.46;   41107;   17.90; E0;
27/06/19;   21:14:56;      48.267;  97.269;   29.46;   41109;   17.90; E0;
27/06/19;   21:15:01;      48.351;  97.006;   29.49;   41100;   17.90; E0;
27/06/19;   21:15:06;      48.436;  97.182;   29.47;   41079;   17.90; E0;
27/06/19;   21:15:11;      48.520;  97.269;   29.46;   41073;   17.90; E0;
27/06/19;   21:15:16;      48.605;  97.182;   29.47;   41068;   17.90; E0;
27/06/19;   21:15:22;      48.689;  97.622;   29.42;   41051;   17.90; E0;
27/06/19;   21:15:27;      48.774;  97.182;   29.47;   41063;   17.90; E0;
27/06/19;   21:15:32;      48.858;  97.094;   29.48;   41080;   17.90; E0;
27/06/19;   21:15:36;      48.926;  97.094;   29.48;   41117;   17.90; E0;
27/06/19;   21:15:41;      49.010;  97.269;   29.46;   41108;   17.90; E0;
27/06/19;   21:15:46;      49.095;  96.831;   29.51;   41082;   17.90; E0;
27/06/19;   21:15:51;      49.179;  97.094;   29.48;   41084;   17.90; E0;
27/06/19;   21:15:56;      49.264;  97.622;   29.42;   41059;   17.90; E0;
27/06/19;   21:16:01;      49.348;  97.269;   29.46;   41059;   17.90; E0;
27/06/19;   21:16:06;      49.433;  97.445;   29.44;   41074;   17.90; E0;
27/06/19;   21:16:11;      49.517;  97.445;   29.44;   41037;   17.90; E0;
27/06/19;   21:16:16;      49.602;  97.269;   29.46;   41059;   17.90; E0;
27/06/19;   21:16:21;      49.686;  97.445;   29.44;   41046;   17.90; E0;
27/06/19;   21:16:26;      49.771;  97.445;   29.44;   41036;   17.90; E0;
27/06/19;   21:16:32;      49.855;  97.622;   29.42;   41032;   17.90; E0;
27/06/19;   21:16:37;      49.940;  97.622;   29.42;   41026;   17.90; E0;
27/06/19;   21:16:42;      50.024;  97.534;   29.43;   41058;   17.90; E0;
27/06/19;   21:16:47;      50.109;  97.622;   29.42;   41057;   17.90; E0;
27/06/19;   21:16:51;      50.176;  97.534;   29.43;   41004;   17.90; E0;
27/06/19;   21:16:56;      50.261;  97.710;   29.41;   41015;   17.90; E0;
27/06/19;   21:17:01;      50.345;  97.710;   29.41;   40992;   17.90; E0;
27/06/19;   21:17:06;      50.430;  97.622;   29.42;   41009;   17.90; E0;
27/06/19;   21:17:11;      50.514;  97.799;   29.40;   40975;   17.90; E0;
27/06/19;   21:17:16;      50.599;  97.534;   29.43;   40992;   17.90; E0;
27/06/19;   21:17:21;      50.683;  97.534;   29.43;   40980;   17.90; E0;
27/06/19;   21:17:26;      50.768;  97.710;   29.41;   40982;   17.90; E0;
27/06/19;   21:17:31;      50.852;  97.534;   29.43;   40978;   17.90; E0;
27/06/19;   21:17:36;      50.937;  97.799;   29.40;   40984;   17.90; E0;
27/06/19;   21:17:41;      51.021;  97.445;   29.44;   41021;   17.90; E0;
27/06/19;   21:17:47;      51.106;  97.357;   29.45;   41048;   17.90; E0;
27/06/19;   21:17:52;      51.190;  97.357;   29.45;   41064;   17.90; E0;
27/06/19;   21:17:57;      51.275;  97.006;   29.49;   41146;   17.90; E0;
27/06/19;   21:18:01;      51.343;  97.182;   29.47;   41183;   17.90; E0;
27/06/19;   21:18:06;      51.427;  96.744;   29.52;   41240;   17.90; E0;
27/06/19;   21:18:11;      51.511;  96.395;   29.56;   41260;   17.90; E0;
27/06/19;   21:18:16;      51.596;  95.875;   29.62;   41290;   17.90; E0;
27/06/19;   21:18:21;      51.681;  95.961;   29.61;   41339;   17.90; E0;
27/06/19;   21:18:26;      51.765;  96.135;   29.59;   41355;   17.90; E0;